id,class4,p
450,nonevent,0.7039352799793781
451,Ib,0.9840398765896858
452,nonevent,0.05060238116805227
453,nonevent,0.03595318533281511
454,Ib,0.7928426746063069
455,nonevent,0.24068369386961697
456,Ib,0.8756903517293285
457,Ib,0.9610076954813321
458,nonevent,0.21341317247741975
459,nonevent,0.06952193628383885
460,nonevent,0.039041061022360934
461,nonevent,0.2757741480013771
462,nonevent,0.617720408503431
463,nonevent,0.8150043721874736
464,II,0.36737140583551886
465,nonevent,0.08527543843040053
466,nonevent,0.11717601206894823
467,II,0.8719768864745139
468,nonevent,0.6231705208748958
469,nonevent,0.060801256034190065
470,II,0.9707376334431403
471,Ib,0.8316688572653529
472,II,0.6851107271174753
473,nonevent,0.22547819014091075
474,nonevent,0.04119818021244426
475,Ib,0.9975601996530924
476,nonevent,0.1429093791548105
477,nonevent,0.1975559315625951
478,nonevent,0.11333435088447719
479,nonevent,0.17706037449351486
480,nonevent,0.33774070856198135
481,nonevent,0.01597340627165178
482,Ib,0.974753674644025
483,nonevent,0.12059900273760249
484,nonevent,0.1081523409973788
485,II,0.9235841908410678
486,II,0.5913214818483393
487,Ib,0.9795213107824832
488,nonevent,0.011281734557283096
489,nonevent,0.5557409739267334
490,II,0.6855338715192063
491,II,0.9861958944805738
492,nonevent,0.06749318918344771
493,nonevent,0.3164100755121739
494,nonevent,0.5977636043468565
495,nonevent,0.119656015070577
496,nonevent,0.04156009878755096
497,nonevent,0.2524803032943297
498,nonevent,0.18153934567766694
499,II,0.8605910123537526
500,nonevent,0.49984997571015755
501,nonevent,0.029083978795689802
502,nonevent,0.07750514629245553
503,Ib,0.9982128345704334
504,nonevent,0.027603691720248902
505,II,0.8529977369563616
506,Ib,0.9950656507699659
507,nonevent,0.0690129018023874
508,nonevent,0.30245210331893424
509,II,0.7900763624630804
510,nonevent,0.0987822682550239
511,nonevent,0.10806167431283609
512,nonevent,0.03197963204351373
513,nonevent,0.053156409721746734
514,Ib,0.8468996807662128
515,II,0.8165358569519116
516,nonevent,0.9077601103187302
517,Ib,0.8652924594340854
518,nonevent,0.025357748272058056
519,nonevent,0.18631436670378787
520,nonevent,0.06724344943168392
521,nonevent,0.31339382625612
522,nonevent,0.3586712310493694
523,nonevent,0.12004948412859417
524,nonevent,0.3211109491106109
525,nonevent,0.0447082524659721
526,nonevent,0.005495970079490875
527,II,0.8023687472386857
528,nonevent,0.29088845707768896
529,nonevent,0.3096291718697819
530,nonevent,0.24015784077058444
531,II,0.9644984463027715
532,nonevent,0.120499255362579
533,Ib,0.6007761019409342
534,nonevent,0.43525996518280996
535,Ib,0.8919576558093952
536,nonevent,0.024733927129246713
537,Ib,0.9500369275534568
538,II,0.9617929636569479
539,nonevent,0.11807286548414342
540,nonevent,0.14530834762693778
541,nonevent,0.03564758752927999
542,Ia,0.966092348981701
543,nonevent,0.01191789004296906
544,II,0.23998419196707732
545,nonevent,0.07760091852827633
546,II,0.9793023931476602
547,nonevent,0.7879383527925313
548,nonevent,0.3374467380197388
549,II,0.5928892819947498
550,II,0.6748509843137125
551,nonevent,0.29033499263288365
552,nonevent,0.0828470875371401
553,nonevent,0.33483929576378
554,nonevent,0.027331508241374758
555,nonevent,0.5934958717462159
556,II,0.9692711632410324
557,nonevent,0.4847101265404956
558,nonevent,0.27635689656233686
559,nonevent,0.06063623661232431
560,Ib,0.9365177717433264
561,nonevent,0.1779212017779218
562,II,0.9673732326714682
563,II,0.958854084198581
564,II,0.974500793329973
565,nonevent,0.5069642265174341
566,Ib,0.9870362038911212
567,II,0.982340277320746
568,nonevent,0.15460256372765668
569,nonevent,0.05008123354739569
570,II,0.9381633075166895
571,II,0.6012132055444673
572,nonevent,0.009330227405424663
573,Ib,0.9962224730481954
574,II,0.8285443505033843
575,nonevent,0.023713692469375047
576,II,0.9295406509476988
577,Ib,0.8526825195206522
578,II,0.955245015303777
579,Ib,0.9956758726887665
580,nonevent,0.5093371008871972
581,II,0.9538925671670574
582,II,0.2167423185448556
583,nonevent,0.03277613498482168
584,Ia,0.9621899080377647
585,nonevent,0.07474243216162602
586,II,0.6293416394839946
587,nonevent,0.03686420265583745
588,Ib,0.4789694761526424
589,nonevent,0.4830841247341999
590,nonevent,0.02772506610362946
591,nonevent,0.1426294682157888
592,II,0.951067239986807
593,Ib,0.9226862000423537
594,nonevent,0.03458906685506358
595,nonevent,0.05763834752630137
596,nonevent,0.07526627085714721
597,Ib,0.9882323613592837
598,II,0.9917953823587694
599,II,0.6055868855357283
600,II,0.7915140708916615
601,Ib,0.8961537353560382
602,Ib,0.7446938393150515
603,II,0.861506153969023
604,nonevent,0.096885554178199
605,II,0.4350438883741762
606,II,0.9466349857638787
607,nonevent,0.21724566927848854
608,Ia,0.8637289946700526
609,II,0.6678459336514668
610,Ib,0.8432294022851559
611,nonevent,0.12398201644348039
612,Ib,0.9451554476591144
613,nonevent,0.02702463094791563
614,nonevent,0.4584664305545908
615,II,0.9740571213676794
616,nonevent,0.07482363180373264
617,nonevent,0.17753264605175045
618,nonevent,0.3524963302159406
619,nonevent,0.10601148984902853
620,nonevent,0.43945872582137835
621,nonevent,0.1291183083066506
622,nonevent,0.02617603231747978
623,nonevent,0.05564296978894112
624,nonevent,0.009357856814466214
625,nonevent,0.04791444329467531
626,II,0.8820437881716581
627,nonevent,0.056867341587210185
628,nonevent,0.5039618052853883
629,Ib,0.9734534074385868
630,II,0.6277395062099856
631,II,0.7034802731092922
632,II,0.9362253829832701
633,nonevent,0.06414444453777302
634,nonevent,0.331641177819588
635,II,0.9651513661123394
636,nonevent,0.03712706050417469
637,nonevent,0.07134578935156077
638,nonevent,0.14623208855589898
639,nonevent,0.08490422097966777
640,nonevent,0.03580814340942162
641,Ia,0.9974261298988705
642,nonevent,0.03637996214229544
643,nonevent,0.09262063873995918
644,nonevent,0.09189347332479203
645,nonevent,0.8337764632510741
646,nonevent,0.0440299755571496
647,nonevent,0.18714054050175877
648,Ib,0.8921781878351107
649,nonevent,0.4761257794226057
650,Ib,0.8893213625971551
651,II,0.8183667145337857
652,nonevent,0.16054548149015135
653,nonevent,0.41517408473864825
654,Ib,0.9931438487726361
655,nonevent,0.07464218448147586
656,II,0.9707498014637322
657,II,0.5591869216476042
658,nonevent,0.3416211754376055
659,nonevent,0.022784545085916208
660,Ib,0.9795069506985848
661,nonevent,0.26848446674501936
662,nonevent,0.41264203524339615
663,nonevent,0.8506959898547896
664,II,0.6845496071231465
665,nonevent,0.5073015053193256
666,nonevent,0.03301077712131428
667,nonevent,0.022677479289084035
668,II,0.8667371476217876
669,Ib,0.7888858468185667
670,nonevent,0.035972514396246824
671,nonevent,0.2972126588970554
672,nonevent,0.04867500200082331
673,Ib,0.991886301855879
674,nonevent,0.03843523840840957
675,nonevent,0.01592421150361123
676,Ib,0.9874910736747005
677,Ib,0.7230351884174777
678,nonevent,0.149300655966789
679,Ib,0.8794206821799053
680,II,0.9090582191243127
681,Ib,0.9921791980356671
682,Ib,0.8397761824847679
683,nonevent,0.5126433109922874
684,nonevent,0.06195946323675261
685,nonevent,0.3418110106113148
686,II,0.9121939040920256
687,II,0.9763792074993414
688,II,0.7626424385844823
689,nonevent,0.00379013523122651
690,Ia,0.9555757339279501
691,Ib,0.786582333149748
692,Ib,0.9890391412428133
693,nonevent,0.17986709710969462
694,Ia,0.7380624387140249
695,nonevent,0.07276523584466621
696,nonevent,0.10930355275449144
697,Ib,0.6855326906285779
698,nonevent,0.5403579814109998
699,II,0.8272700117242469
700,nonevent,0.06722580748571994
701,nonevent,0.3339684329431051
702,nonevent,0.11767302094176468
703,II,0.9181139124303241
704,nonevent,0.05676069435479314
705,nonevent,0.06649463339904094
706,nonevent,0.09969472936235757
707,II,0.9020522020377757
708,Ib,0.9436776574161231
709,nonevent,0.014133283642580707
710,nonevent,0.11647701276623301
711,II,0.9905023252015555
712,II,0.5732659167511681
713,Ib,0.9853102299420159
714,nonevent,0.18654072790065723
715,nonevent,0.02928223731655455
716,II,0.7023064792060407
717,nonevent,0.3963823716980128
718,nonevent,0.04870277436486248
719,Ib,0.9553095056592947
720,II,0.9660992784186175
721,II,0.977553848739871
722,nonevent,0.15786455507735275
723,Ib,0.9906579913213431
724,nonevent,0.682716893933492
725,nonevent,0.15083998684903532
726,nonevent,0.08551926776015928
727,nonevent,0.2543904729800769
728,nonevent,0.21979564941093943
729,II,0.9644829860700244
730,nonevent,0.020576283698870435
731,Ib,0.9778837299184487
732,nonevent,0.6352381567312302
733,II,0.8596026886919772
734,II,0.8800564876921
735,nonevent,0.06617547453316774
736,nonevent,0.026648325890614277
737,II,0.9895310768294971
738,nonevent,0.11240531406892584
739,II,0.6362819050667032
740,Ib,0.9873386414646237
741,II,0.9893608520859325
742,II,0.44011423489489576
743,Ia,0.599944226608391
744,nonevent,0.013224071529753023
745,nonevent,0.6575744657204878
746,nonevent,0.47250979159454265
747,Ib,0.9869787177136142
748,II,0.6544787737018962
749,nonevent,0.2534717975564582
750,nonevent,0.26106769531770957
751,nonevent,0.287137829671271
752,II,0.5642313489287649
753,nonevent,0.05499183745897007
754,nonevent,0.021216917216018927
755,nonevent,0.09197266864357012
756,Ib,0.623011240933956
757,nonevent,0.3318943395713906
758,nonevent,0.28898705328866126
759,nonevent,0.7679496421711001
760,Ib,0.994655912438094
761,II,0.9854768164398681
762,II,0.9934240575381771
763,nonevent,0.06243859320370515
764,Ib,0.9633261934237369
765,II,0.7300390497734168
766,II,0.8546901411770899
767,nonevent,0.47367854785409236
768,Ib,0.8439443272173354
769,nonevent,0.48345269273713254
770,nonevent,0.11191994810485839
771,nonevent,0.41260678917340166
772,nonevent,0.04279828247835704
773,nonevent,0.03048405695343559
774,Ib,0.7227401646513929
775,II,0.5581968358579449
776,nonevent,0.41431368838975935
777,II,0.8645449317509784
778,nonevent,0.07475706993848119
779,II,0.9425352619908459
780,nonevent,0.944628203877405
781,Ib,0.9829925428562764
782,Ib,0.9220804252995546
783,nonevent,0.07842391745075006
784,nonevent,0.10420131603904037
785,II,0.9112369793084992
786,nonevent,0.4499776292852531
787,II,0.7239210940504642
788,nonevent,0.22336201015943025
789,nonevent,0.04057376662619372
790,nonevent,0.08768078925696277
791,Ib,0.9980618826059706
792,nonevent,0.33325549758803974
793,II,0.7049898842986864
794,nonevent,0.5660733355991207
795,nonevent,0.08130545434255765
796,nonevent,0.5269899966710603
797,Ib,0.979989891391994
798,nonevent,0.6980026106027553
799,nonevent,0.027849365919318414
800,Ib,0.9590169019463335
801,II,0.9386878178384317
802,nonevent,0.3094645829008129
803,nonevent,0.32410888353598233
804,nonevent,0.017669379421106357
805,nonevent,0.0171010495626156
806,II,0.5123530643914367
807,II,0.7101288667282952
808,Ib,0.4791330108701518
809,nonevent,0.7638377221961086
810,nonevent,0.07773585660353655
811,nonevent,0.4677025759723962
812,nonevent,0.4252149059650778
813,II,0.46489909039999255
814,nonevent,0.08599025135894334
815,nonevent,0.367524815352014
816,Ib,0.9761225597392282
817,nonevent,0.041975260070770126
818,Ib,0.7830596798845025
819,II,0.9390332640357645
820,nonevent,0.36099695418708666
821,Ib,0.9826669058426633
822,nonevent,0.03713011526663923
823,nonevent,0.06197592572687771
824,Ia,0.9492966931596221
825,II,0.22053756896529186
826,II,0.9885536023562967
827,nonevent,0.13914527711346103
828,II,0.4592517879909259
829,Ib,0.994954444277156
830,nonevent,0.02056126115518353
831,nonevent,0.7718805389277555
832,Ib,0.9924680598129342
833,nonevent,0.009677974310037696
834,nonevent,0.09520337331921436
835,nonevent,0.24707582062254085
836,nonevent,0.02121804582588993
837,nonevent,0.2252907182985564
838,II,0.923545989006559
839,II,0.9868516076011004
840,nonevent,0.35423487062737324
841,Ib,0.7931247424920714
842,nonevent,0.030900751139961935
843,nonevent,0.10386500357153028
844,nonevent,0.374773436820514
845,II,0.7919667992272219
846,Ib,0.9768586095514232
847,Ia,0.9536631117993072
848,II,0.30643011729355085
849,nonevent,0.046065677535350846
850,II,0.914519721356931
851,II,0.986478966044481
852,II,0.989669450205965
853,Ib,0.9653350321285219
854,Ib,0.9850812810818101
855,II,0.8911414297006497
856,nonevent,0.0732458511208226
857,nonevent,0.7471860987249666
858,Ib,0.7397927125508991
859,II,0.9550620151111543
860,II,0.7629179551740374
861,nonevent,0.03569841049783884
862,nonevent,0.03807371084287392
863,nonevent,0.1943114436530775
864,Ib,0.9827856808699749
865,Ib,0.5965306070146246
866,nonevent,0.1443085895716052
867,nonevent,0.44891686618384596
868,II,0.9611967170162677
869,nonevent,0.06855229160980802
870,nonevent,0.009418227384094258
871,II,0.8568190190860303
872,nonevent,0.07413670416261442
873,nonevent,0.06497291385869741
874,Ib,0.7410674080740101
875,nonevent,0.020829545151255124
876,nonevent,0.41129044731710773
877,Ia,0.8495430641655021
878,Ib,0.8382334601568567
879,Ib,0.9836164946969959
880,nonevent,0.1228970110261518
881,nonevent,0.06030979664387848
882,nonevent,0.047406712853155564
883,nonevent,0.5565263865345601
884,nonevent,0.19540989561713817
885,II,0.384380704003793
886,nonevent,0.054455716056640124
887,II,0.5634941086591778
888,II,0.9668801526566868
889,Ib,0.9446209211356869
890,Ib,0.8351112309161138
891,nonevent,0.038343584842890355
892,nonevent,0.365453976391812
893,II,0.9732373669700992
894,nonevent,0.008975698352894912
895,nonevent,0.19226731351409232
896,II,0.9816083861858741
897,nonevent,0.06786811555927719
898,Ia,0.9937981431577847
899,Ib,0.9950657459048434
900,nonevent,0.08230028248222898
901,Ib,0.9962338085272098
902,nonevent,0.16824314551586717
903,Ib,0.9605391052313382
904,II,0.7156122639743594
905,II,0.5532537885663238
906,nonevent,0.7288846540303734
907,Ib,0.9979062032560231
908,Ib,0.6553846974257205
909,nonevent,0.05942009856315611
910,nonevent,0.08216754435224216
911,nonevent,0.21410811324629575
912,Ib,0.9877458304960429
913,nonevent,0.04300604889258974
914,nonevent,0.04102279259400132
915,nonevent,0.15804446955131046
916,nonevent,0.007425054727872582
917,nonevent,0.02046996155496006
918,nonevent,0.03579763047861506
919,II,0.9320100504122366
920,nonevent,0.3475974024495623
921,nonevent,0.44844222922040855
922,nonevent,0.04920117236387711
923,nonevent,0.24495691929095498
924,nonevent,0.21661002048907763
925,nonevent,0.6499692530139924
926,nonevent,0.26671569034902765
927,nonevent,0.2682569128110154
928,nonevent,0.10914172942023959
929,nonevent,0.12269058889356665
930,nonevent,0.05649636153327653
931,nonevent,0.3143232201782207
932,nonevent,0.022708667199586197
933,Ib,0.8921888548015983
934,nonevent,0.303757334399677
935,II,0.999011282451639
936,nonevent,0.024561655272399396
937,nonevent,0.5915186421955122
938,nonevent,0.6901693359981653
939,nonevent,0.11526136801112996
940,nonevent,0.06011488669471532
941,II,0.8720121497240764
942,nonevent,0.027947511023776683
943,nonevent,0.36789584594948743
944,II,0.5257374700866134
945,Ib,0.960024023999976
946,nonevent,0.13309042531190018
947,nonevent,0.024238858569633703
948,II,0.7250599029365203
949,Ib,0.9583778551372262
950,nonevent,0.05307057532234194
951,nonevent,0.06166943882924836
952,II,0.7190295653624799
953,nonevent,0.3568788890115745
954,nonevent,0.03881589455022927
955,II,0.9719807319736093
956,nonevent,0.06332793375309831
957,nonevent,0.024110988479382645
958,nonevent,0.13434179228318266
959,nonevent,0.6676376299130508
960,nonevent,0.10896163238802625
961,II,0.9346586891597252
962,Ib,0.9496360280410692
963,II,0.8635915592918175
964,II,0.9696319847497029
965,nonevent,0.20178451029248567
966,nonevent,0.04431578300129657
967,II,0.6141567879078261
968,nonevent,0.05560974339112512
969,nonevent,0.24140334636491922
970,Ib,0.5261122444743853
971,nonevent,0.09624670988203143
972,nonevent,0.7883483508449368
973,nonevent,0.9399689040903292
974,nonevent,0.09653344362751104
975,Ib,0.7883696514733942
976,nonevent,0.17980951200456619
977,nonevent,0.052010627935250686
978,II,0.7023775529021941
979,nonevent,0.23682968874030053
980,nonevent,0.7692901215968955
981,nonevent,0.03380635432180734
982,nonevent,0.14215331879753423
983,II,0.3421851475778166
984,nonevent,0.2665668113358418
985,Ib,0.9914629372277569
986,Ia,0.802214094821303
987,II,0.9570105837107069
988,nonevent,0.536732616601843
989,Ib,0.9286985624163135
990,Ib,0.9302415266274111
991,nonevent,0.10297634263205002
992,II,0.3586112291082858
993,nonevent,0.30355312717945415
994,nonevent,0.05599306011147864
995,Ib,0.9835661028636369
996,nonevent,0.15399260392143943
997,nonevent,0.016950361476238962
998,nonevent,0.020832685652154015
999,nonevent,0.11753068489449303
1000,nonevent,0.10524639664702151
1001,nonevent,0.04290045756304073
1002,nonevent,0.10660815874903129
1003,II,0.8893355245853617
1004,II,0.8458551536765695
1005,II,0.5981670609834695
1006,II,0.9545252366040953
1007,Ib,0.9041029945447423
1008,Ib,0.9613504756937788
1009,nonevent,0.3412889772386022
1010,nonevent,0.03997465498500785
1011,II,0.9861642948009626
1012,II,0.6724500942988032
1013,Ib,0.9908017552944356
1014,nonevent,0.057973803931903434
1015,II,0.3023400988052124
1016,nonevent,0.4172343334974099
1017,nonevent,0.026712230735988385
1018,nonevent,0.12490162335292421
1019,II,0.9696361890844756
1020,nonevent,0.770621450992035
1021,nonevent,0.26684964322216054
1022,nonevent,0.1913782781431913
1023,nonevent,0.07288936011405622
1024,II,0.9879730154529442
1025,Ib,0.98326695526334
1026,nonevent,0.7153311334175554
1027,nonevent,0.5275409883039555
1028,Ib,0.9794350186388258
1029,nonevent,0.06987087500693756
1030,nonevent,0.03232665232822618
1031,Ib,0.9986466947012772
1032,nonevent,0.2874714805319847
1033,nonevent,0.04361193322381485
1034,nonevent,0.44592945014286745
1035,II,0.5874601625671636
1036,nonevent,0.023328166990570942
1037,nonevent,0.03780827423295374
1038,nonevent,0.41715090879082906
1039,II,0.9778084283012616
1040,nonevent,0.30642063268443565
1041,nonevent,0.027681117830772206
1042,nonevent,0.08076666805250154
1043,nonevent,0.06250313687641884
1044,Ib,0.8466893127784275
1045,nonevent,0.06752074990306778
1046,II,0.9586573184537344
1047,II,0.9611579119380163
1048,nonevent,0.31400115040595067
1049,Ib,0.9864587483534537
1050,nonevent,0.2314089177455103
1051,II,0.5136959996114252
1052,II,0.33680377712558207
1053,nonevent,0.12689909568186553
1054,nonevent,0.3115568302921822
1055,II,0.9318796906496327
1056,nonevent,0.08508806671183189
1057,II,0.9876963169617741
1058,nonevent,0.039275106081034794
1059,nonevent,0.09043093039673766
1060,nonevent,0.03471079321791237
1061,Ib,0.9862634983593291
1062,nonevent,0.09619266057404496
1063,II,0.8887930318599706
1064,nonevent,0.06407953278371592
1065,nonevent,0.11056147731961241
1066,nonevent,0.5260579308669933
1067,nonevent,0.38157341158422675
1068,nonevent,0.8623029698661177
1069,nonevent,0.017120167841881195
1070,II,0.9924404159358843
1071,nonevent,0.18538118952916782
1072,nonevent,0.47419375450643775
1073,nonevent,0.11172240089146113
1074,nonevent,0.06405990414209439
1075,nonevent,0.17665646625247367
1076,nonevent,0.1122627758414736
1077,II,0.6464758230173304
1078,nonevent,0.7527259771026644
1079,II,0.8818517992994804
1080,nonevent,0.2932301759188738
1081,nonevent,0.03855881279241502
1082,II,0.9524357513661197
1083,II,0.5078758761123747
1084,nonevent,0.41857917450248683
1085,nonevent,0.10618867579438884
1086,nonevent,0.1491496822763041
1087,II,0.9812519754390686
1088,nonevent,0.08856303814483191
1089,nonevent,0.19117988863260382
1090,II,0.9375821806947663
1091,nonevent,0.0715103241822963
1092,nonevent,0.029078271034080005
1093,nonevent,0.24911771721035691
1094,II,0.956116804082286
1095,nonevent,0.08772823928977869
1096,nonevent,0.13284584560518986
1097,Ib,0.8009267796320753
1098,II,0.7123818567276536
1099,II,0.9590241638321055
1100,II,0.9757040659652988
1101,nonevent,0.02136218688489333
1102,nonevent,0.2631862159556748
1103,II,0.9812203570897731
1104,nonevent,0.3914320734894825
1105,nonevent,0.10372117439602935
1106,nonevent,0.05387452631259704
1107,Ib,0.9882346840765738
1108,nonevent,0.16381209120480134
1109,nonevent,0.061227079589082356
1110,nonevent,0.03996053788478049
1111,nonevent,0.03168037913214339
1112,II,0.9825139743688449
1113,Ib,0.9612167562567966
1114,nonevent,0.23673670666821722
1115,nonevent,0.2355825953460281
1116,nonevent,0.08413634064760966
1117,nonevent,0.024866598260023243
1118,II,0.9869567030154717
1119,nonevent,0.026269346108564906
1120,II,0.9878475581973151
1121,II,0.9763176864228399
1122,nonevent,0.17358859614824218
1123,nonevent,0.12129052530989926
1124,nonevent,0.319297775277102
1125,nonevent,0.12230046892400681
1126,II,0.9311962334523238
1127,nonevent,0.0410036471145675
1128,nonevent,0.7604690921858518
1129,Ib,0.8443761202558109
1130,Ib,0.9787364667794535
1131,nonevent,0.12297357611763582
1132,nonevent,0.2675123896817998
1133,II,0.8135426352228406
1134,nonevent,0.025063040008160065
1135,II,0.9051150073774393
1136,nonevent,0.016625946109045442
1137,nonevent,0.17204801471168252
1138,nonevent,0.11333581890976596
1139,Ib,0.9927077949165711
1140,Ib,0.9011335486832988
1141,nonevent,0.05296663826639525
1142,nonevent,0.01753255259343356
1143,nonevent,0.024128062242371295
1144,Ib,0.700494199195737
1145,II,0.7489956679057592
1146,nonevent,0.04836942125234478
1147,II,0.9616123133342626
1148,nonevent,0.22498041666872937
1149,nonevent,0.02818249732290845
1150,nonevent,0.08553065129187432
1151,II,0.9783854574156681
1152,nonevent,0.293866678320325
1153,II,0.9915654356031233
1154,nonevent,0.031822453451018085
1155,II,0.6705864008934856
1156,nonevent,0.7435840516120416
1157,Ib,0.927178602912217
1158,Ib,0.9889182933796666
1159,II,0.8639348799633654
1160,nonevent,0.039272728821877156
1161,nonevent,0.026310779774114446
1162,II,0.8391641006007126
1163,nonevent,0.1433703322935035
1164,II,0.6275050131512747
1165,Ib,0.6565983562630557
1166,nonevent,0.016625663828389148
1167,nonevent,0.042911064960862166
1168,nonevent,0.018969126140733206
1169,II,0.9872644128489686
1170,nonevent,0.9321571667083381
1171,nonevent,0.06874812232890526
1172,nonevent,0.07140988300403739
1173,II,0.9623632632146715
1174,nonevent,0.022200886704903167
1175,nonevent,0.29205962161913657
1176,nonevent,0.36330458399488985
1177,II,0.9573919107447172
1178,Ib,0.8858872914128001
1179,nonevent,0.4120243029860974
1180,II,0.9657677591937929
1181,II,0.9185933869622311
1182,II,0.9366461670100918
1183,nonevent,0.17542191868155388
1184,Ib,0.9922937726381487
1185,nonevent,0.031190472819496606
1186,nonevent,0.39898480862886554
1187,nonevent,0.13880788782142472
1188,nonevent,0.18684440870730856
1189,Ib,0.8481627260148652
1190,nonevent,0.2558100908751667
1191,nonevent,0.32379992676517466
1192,nonevent,0.10686508419196117
1193,Ib,0.9089055924966932
1194,Ib,0.9814813005378816
1195,nonevent,0.78905453495844
1196,Ib,0.6890527161100459
1197,Ib,0.9642315388928012
1198,Ib,0.9927186636582479
1199,II,0.8040618069519901
1200,nonevent,0.03524417630425125
1201,nonevent,0.018222401156345214
1202,nonevent,0.03754632868981156
1203,nonevent,0.06998554467614093
1204,nonevent,0.11079495570455145
1205,nonevent,0.026585247499090747
1206,nonevent,0.021035998671021794
1207,nonevent,0.6433756144268468
1208,II,0.7108535070146119
1209,nonevent,0.6544259534256527
1210,nonevent,0.5246295352932413
1211,nonevent,0.28745935285282587
1212,nonevent,0.563385647770791
1213,nonevent,0.30636888410012975
1214,nonevent,0.6317345766262347
1215,nonevent,0.2992198800269076
1216,nonevent,0.35967325778728865
1217,nonevent,0.045215679530881236
1218,II,0.9374850354338481
1219,nonevent,0.4923924139447745
1220,nonevent,0.038410641909766396
1221,nonevent,0.005991059657644682
1222,nonevent,0.1894845664245266
1223,II,0.48826811854981167
1224,nonevent,0.18838132112607087
1225,nonevent,0.05049690777119187
1226,II,0.9924712238737373
1227,nonevent,0.042612677153063494
1228,nonevent,0.01386211524139258
1229,nonevent,0.04368014205715687
1230,nonevent,0.046082315979818045
1231,nonevent,0.24798420962024814
1232,II,0.9716843913368377
1233,nonevent,0.6417252590141982
1234,II,0.9022904748024435
1235,nonevent,0.035836206825148875
1236,nonevent,0.17924542518565467
1237,II,0.9313385213461391
1238,nonevent,0.1916410167858209
1239,nonevent,0.13759400642017516
1240,Ib,0.95886032931064
1241,nonevent,0.11370015019487345
1242,Ib,0.674266605407036
1243,nonevent,0.03261342751026475
1244,II,0.8255743921623775
1245,nonevent,0.15268591302506662
1246,II,0.6942928500056613
1247,nonevent,0.05142304350610616
1248,nonevent,0.06508157661489677
1249,nonevent,0.17125347915253553
1250,nonevent,0.5025436033942899
1251,nonevent,0.519916235901901
1252,II,0.5080983789188648
1253,II,0.9949111336077013
1254,II,0.39920122788554635
1255,nonevent,0.6639718934578882
1256,nonevent,0.007083517077026813
1257,nonevent,0.3240939975838487
1258,nonevent,0.251451062011254
1259,II,0.8994867487358152
1260,nonevent,0.7404695998961817
1261,nonevent,0.7572859502904008
1262,nonevent,0.0379283150038926
1263,Ib,0.7419967263230478
1264,nonevent,0.029023748953222572
1265,nonevent,0.3262686360633329
1266,nonevent,0.17951889000106458
1267,Ib,0.9401572172791584
1268,II,0.9848268580086067
1269,Ib,0.9859901068197806
1270,II,0.31001119148203526
1271,nonevent,0.2510621523613875
1272,II,0.9901509323738741
1273,nonevent,0.15955204671127066
1274,Ia,0.9883740913046288
1275,II,0.609593406674636
1276,II,0.9869705989539886
1277,nonevent,0.30173614505059
1278,II,0.945136005433496
1279,nonevent,0.024949369177515224
1280,II,0.246856780920934
1281,nonevent,0.5196848653048853
1282,nonevent,0.017260825416555825
1283,nonevent,0.2278729885585461
1284,nonevent,0.3723996887929575
1285,nonevent,0.01924105807362142
1286,nonevent,0.2837333811720638
1287,nonevent,0.3934271041741615
1288,nonevent,0.03993721841684661
1289,II,0.7532052654554832
1290,II,0.8367681991866764
1291,Ib,0.8686682705677486
1292,nonevent,0.03779352538329883
1293,nonevent,0.09752847533408726
1294,nonevent,0.7109858485374019
1295,nonevent,0.1081031395571952
1296,nonevent,0.10122272873377725
1297,nonevent,0.5461113262569611
1298,II,0.9397754099874229
1299,Ib,0.9175449801357697
1300,nonevent,0.3870999374770806
1301,nonevent,0.5589818687739522
1302,nonevent,0.8111265294123708
1303,Ib,0.9474306856221013
1304,nonevent,0.13640513691999345
1305,nonevent,0.14855304276562897
1306,nonevent,0.15921247775814096
1307,Ib,0.6129778191992786
1308,nonevent,0.17928608065888463
1309,nonevent,0.5561793741032477
1310,II,0.8240152596087404
1311,II,0.7293744825331504
1312,nonevent,0.5876359031266785
1313,II,0.897959323808997
1314,Ib,0.9344938388426812
1315,II,0.9412313149254214
1316,nonevent,0.102148575202336
1317,II,0.8676737852891673
1318,nonevent,0.03141189166091607
1319,II,0.8195795493065612
1320,II,0.7592181870946916
1321,nonevent,0.013446611592344615
1322,II,0.6258583372119441
1323,nonevent,0.1442381860834243
1324,nonevent,0.1649728533295367
1325,II,0.6696108184102957
1326,nonevent,0.051735988824366475
1327,II,0.9335515928185165
1328,nonevent,0.1633114712194026
1329,II,0.8404800630862956
1330,Ib,0.9958474504677703
1331,II,0.986066945023777
1332,nonevent,0.010964174097427226
1333,II,0.9767365542061134
1334,Ib,0.9304858373832657
1335,Ib,0.6570928472047775
1336,nonevent,0.7524596304878182
1337,II,0.9027475936696322
1338,nonevent,0.3399175887439443
1339,nonevent,0.02881205799390818
1340,Ib,0.9780875370224038
1341,II,0.9002263292185677
1342,nonevent,0.9341893643926249
1343,II,0.9276591342190758
1344,nonevent,0.021039802666450558
1345,II,0.8829210582269622
1346,nonevent,0.07105639767953786
1347,Ib,0.9390479655889252
1348,II,0.9749305380009105
1349,nonevent,0.025777788079263453
1350,II,0.9195494518129573
1351,nonevent,0.1675825023524785
1352,nonevent,0.03703918750040902
1353,Ib,0.9898929499081892
1354,nonevent,0.06210105822370815
1355,Ib,0.9927224919079863
1356,nonevent,0.4857217889793889
1357,II,0.8765239916738822
1358,nonevent,0.084657827029742
1359,nonevent,0.02065201855455223
1360,nonevent,0.35536606576547203
1361,nonevent,0.39078029070081366
1362,Ia,0.9374557539588777
1363,Ib,0.9261205634734928
1364,II,0.9236440155962258
1365,nonevent,0.04743039423985951
1366,II,0.3381323093315376
1367,nonevent,0.21609579986492733
1368,nonevent,0.135452126773157
1369,nonevent,0.014145365202778315
1370,nonevent,0.21730266086877026
1371,II,0.6066952611068634
1372,nonevent,0.31602929418993186
1373,II,0.9687766800822953
1374,nonevent,0.014081464358171703
1375,nonevent,0.02961291965731605
1376,nonevent,0.38447827774367815
1377,II,0.4807601860705496
1378,Ib,0.7202340069318734
1379,II,0.6336900875443074
1380,nonevent,0.8596612392528102
1381,II,0.731750565697026
1382,II,0.6651307940916672
1383,nonevent,0.13086025615477936
1384,nonevent,0.06880612161622923
1385,nonevent,0.5839438322463146
1386,nonevent,0.1979608988504793
1387,nonevent,0.33782766837021605
1388,II,0.9902775787107564
1389,II,0.9548840730055504
1390,nonevent,0.06604759958163109
1391,II,0.7984295336157214
1392,nonevent,0.04218432397890293
1393,nonevent,0.14781997964697324
1394,nonevent,0.10052643001511952
1395,nonevent,0.9266400808488752
1396,II,0.8995002434519418
1397,nonevent,0.0436040872807677
1398,nonevent,0.13751684820148846
1399,nonevent,0.2714088403410301
1400,II,0.6506455069309076
1401,nonevent,0.053047967884071845
1402,Ib,0.9602539788929376
1403,nonevent,0.5573362157590415
1404,nonevent,0.10203717605787321
1405,nonevent,0.29109386518376335
1406,nonevent,0.04891268510937119
1407,II,0.400688536077335
1408,nonevent,0.9060116629138845
1409,II,0.9225575281393831
1410,nonevent,0.16338237999180283
1411,nonevent,0.07770127767271429
1412,II,0.7695387417460667
1413,nonevent,0.08667897220024234
1414,Ib,0.9427871456108541
